User Input,Chatbot Response,Timestamp
hi,Hi! Need any help?,2025-03-13 11:31:47
tell me about coding,"Coding is the process of writing instructions for computers to execute tasks. It powers software, websites, and apps.",2025-03-13 11:32:04
hi,Hey there! What can I do for you?,2025-03-13 11:37:25
which is better java or python,"Practice on platforms like LeetCode, CodeWars, and HackerRank.",2025-03-13 12:20:51
hi,Welcome! How can I assist you today?,2025-03-13 12:23:36
do you nkow chatgpt,My purpose is to assist you,2025-03-13 12:24:09
i want you to help me to learn java,How can I assist you?,2025-03-13 12:24:52
hi,Welcome! How can I assist you today?,2025-03-13 12:30:02
i want  to learn java,"If you're into Android development, Java is a great choice!",2025-03-13 12:30:25
hi,Good day! What brings you here?,2025-03-13 12:33:46
i want  to learn python,Python is great for beginners! Start with freeCodeCamp or Codecademy.,2025-03-13 12:46:49
recommend some jobs,Start by creating a strong resume and networking on LinkedIn.,2025-03-13 14:01:03
tell me some jobs,Start by creating a strong resume and networking on LinkedIn.,2025-03-13 14:26:18
"Sorry, I couldn't understand that.",See you soon! Stay safe!,2025-03-13 14:42:05
hello,Good day! What brings you here?,2025-03-13 14:45:34
Tell me about mystical fantasy lands,Books and movies have introduced audiences to imaginative realms beyond the boundaries of our reality.,2025-03-13 17:19:42
Tell me about mystical fantasy lands,Books and movies have introduced audiences to imaginative realms beyond the boundaries of our reality.,2025-03-13 17:20:29
Exploring lands of wonder and enchantment,"Fantasy lands are captivating worlds filled with magic, mythical creatures, and breathtaking landscapes.",2025-03-13 17:20:55
budget,"Sorry, I don't understand that.",2025-03-13 19:41:29
hi,"Sorry, I don't understand that.",2025-03-13 19:41:29
hi,"Sorry, I don't understand that.",2025-03-13 19:47:08
hello,"Sorry, I don't understand that.",2025-03-13 20:02:48
hello,"Sorry, I don't understand that.",2025-03-13 20:12:57
hi,"Sorry, I don't understand that.",2025-03-13 20:19:07
hello,Good day! What brings you here?,2025-03-13 20:20:36
tell me about budget,"A good budgeting strategy is to use the 50/30/20 rule. This means allocating 50% of your income towards essential expenses, 30% towards discretionary expenses, and 20% towards savings and debt repayment.",2025-03-13 20:21:01
hi how are you,I am a chatbot,2025-03-13 20:24:43
hello,Hi! Need any help?,2025-03-13 20:29:47
what is football,"Sorry, I don't understand that.",2025-03-14 10:11:10
what is sports,"Sorry, I don't understand that.",2025-03-14 10:11:20
hi,"Sorry, I don't understand that.",2025-03-14 10:17:50
science,"Sorry, I don't understand that.",2025-03-14 10:24:49
hello,"Sorry, I don't understand that.",2025-03-14 10:38:35
hello,Good day! What brings you here?,2025-03-14 10:47:11
tell me about sports,Sports are a great way to stay active and entertained. There's a wide range of sports to explore and enjoy!,2025-03-14 10:47:45
what is science,"Science is the systematic study of the natural world, aiming to understand phenomena and make discoveries.",2025-03-14 10:51:59
what is coding,"Coding is the process of writing instructions for computers to execute tasks. It powers software, websites, and apps.",2025-03-14 10:52:18
